cityId,cityName,culture,cityStatus,cityType,longitude,latitude,commerce,milltary,cityGoods,building
id,language,friend_id,friend_id,friend_id,double,double,int,int,friend_id_vector,friend_id_set
int,chinese,Culture,CityStatus,CityType,-,-,-,-,CityGoods,CityBuilding
writable,Y,N,Y,N,N,N,Y,Y,N,Y
0,伦敦,0,0,1,0.7,51.6,4600,4400,1;2;3;4;5,0;2;3;4;5;6;7;8
1,布里斯特,0,0,2,-3.3,51.3,1500,1800,6;7;8;9;10,1;2;3;4;5;7;8
2,阿姆斯特丹,1,0,1,5.6,53,4200,2800,11;12;13;14,0;2;3;4;5;6;7;8
3,布鲁日,1,0,2,2,51.1,2300,1900,15;16;17;18;19,1;2;3;4;7;8
4,南特,1,0,2,-1.2,45.8,2200,2000,20;21;22;23,1;2;3;4;7;8
5,汉堡,2,0,1,8.8,53.4,3800,3000,24;25;26;27;28,0;2;3;4;5;6;7;8
6,卢比克,2,0,2,10.9,54,3500,2800,29;30;31;32;33,1;2;3;4;5;7;8
7,斯德哥尔摩,3,0,1,18.3,59.6,2700,2500,34;35;36;37,0;2;3;4;5;6;7;8
8,奥斯陆,3,0,2,10.4,59.6,2800,2400,38;39;40,1;2;3;4;7;8
9,哥本哈根,3,0,2,12.2,55.3,3400,2700,41;42;43,1;2;3;4;5;7;8
10,里加,3,0,2,23.9,57.2,2600,2200,44;45;46;47;48,1;2;3;4;7;8
11,里斯本,4,0,1,-8.8,38.6,6000,4200,49;50;51;52;53,0;2;3;4;5;6;7;8
12,休达,4,0,2,-5.6,35.6,700,1400,54;55;56;57,1;2;3;4;7;8
13,塞尔维亚,5,0,1,-6.2,36.6,5200,5700,58;59;60;61;62,0;2;3;4;5;6;7;8
14,瓦伦西亚,5,0,2,-0.4,39.2,2200,2900,63;64;65;66;67,1;2;3;4;7;8
15,热那亚,6,0,1,8.9,44.6,4000,3500,68;69;70;71;72,0;2;3;4;5;6;7;8
16,马赛,6,0,2,4.6,43.6,2500,2500,73;74;75;76;77,1;2;3;4;7;8
17,西拉库萨,6,0,2,15,37.3,2800,1950,78;79;80;81,1;2;3;4;5;7;8
18,威尼斯,6,0,2,12.4,45.8,4300,3300,82;83;84;85;86,1;2;3;4;5;7;8
19,雅典,7,0,1,23.2,38.3,2200,2000,87;88;89;90;91,0;2;3;4;5;6;7;8
20,克里特,7,0,2,25.2,35.4,1600,1800,92;93;94;95,1;2;3;4;7;8
21,塞浦路斯,7,0,2,33.3,35.4,1200,1500,96;97;98;99,1;2;3;4;7;8
22,伊斯坦堡,8,0,1,28.7,41.3,5000,6000,100;101;102;103;104,0;2;3;4;5;6;7;8
23,拉古扎,8,0,2,16.8,43.3,1500,1000,105;106;107;108;109,1;2;3;4;7;8
24,贝鲁特,8,0,2,35.9,35,1900,2100,110;111;112;113;114,1;2;3;4;7;8
25,亚历山大,9,0,1,30.8,31.7,4000,3200,115;116;117;118;119,0;2;3;4;5;6;7;8
26,的黎波里,9,0,2,13.2,33,1700,1800,120;121;122;123;124,1;2;3;4;7;8
27,阿尔及尔,9,0,2,2.9,36.9,2500,2800,125;126;127;128;129,1;2;3;4;5;7;8
28,突尼斯,9,0,2,9.9,37.2,3000,2700,130;131;132;133,1;2;3;4;5;7;8
29,圣乔治,10,0,1,3.7,6.8,1900,1800,134;135;136;137;138,0;2;3;4;5;6;7;8
30,马德拉,4,0,2,-17,32.8,700,400,139;140;141;142,1;2;3;4;7;8
31,拉斯帕玛斯,5,0,2,-16.7,28.5,500,600,143;144;145,1;2;3;4;7;8
32,绿角,10,0,2,-17.4,14.8,250,350,146;147;148;149;150,1;2;3;4;7;8
33,卢安达,10,0,2,13.1,-9.4,300,200,151;152;153;154;155,1;2;3;4;7;8
34,索法拉,11,0,1,34.8,-24.2,2200,2800,156;157;158;159;160,0;2;3;4;5;6;7;8
35,开普敦,11,0,2,18.7,-34.1,250,800,161;162;163;164;165,1;2;3;4;7;8
36,莫桑比克,11,0,2,40.6,-14.5,1500,2000,166;167;168;169;170,1;2;3;4;5;7;8
37,摩加迪休,11,0,2,44.9,2.2,1400,1600,171;172;173;174;175,1;2;3;4;7;8
38,巴斯拉,12,0,1,48,30.1,3500,3600,176;177;178;179;180,0;2;3;4;5;6;7;8
39,亚丁,12,0,2,45.9,13.7,2800,2900,181;182;183;184;185;,1;3;4;5;7;8
40,马斯喀特,12,0,2,58.5,23.6,2300,2400,186;187;188;189,1;3;4;5;7;8
41,荷姆兹,12,0,2,56.2,27.4,2000,2500,190;191;192;193;194,1;2;3;4;7;8
42,卡里亥特,13,0,1,76,10.7,4000,2700,195;196;197;198,0;2;3;4;5;6;7;8
43,哥亚,13,0,2,74.3,14.4,3200,2800,199;200;201;202;203,1;2;3;4;5;7;8
44,锡兰,13,0,2,79.8,6.9,2500,2300,204;205;206;207;208,1;2;3;4;5;7;8
45,加尔各答,13,0,2,87.8,22,1800,1400,209;210;211;212;213,1;2;3;4;7;8
46,安曼,14,0,2,96.3,16.7,1200,1100,214;215;216;217;218,1;2;3;4;7;8
47,马六甲,14,0,2,102,2.7,3000,2800,219;220;221;222;223,0;2;3;4;5;6;7;8
48,文莱,14,0,2,111.9,3,500,400,224;225;226;227;228,1;2;3;4;7;8
49,马尼拉,14,0,2,120.8,14.7,200,300,229;230;231;232;233,1;2;3;4;7;8
50,雅加达,15,0,1,107.4,-6.2,2900,3500,234;235;236;237;238,0;2;3;4;5;6;7;8
51,巴邻旁,15,0,2,104.3,-1.4,2500,2600,239;240;241;242;243,1;2;3;4;7;8
52,德尔纳特,15,0,2,127.4,1.6,2600,1800,244;245;246;247,1;2;3;4;5;7;8
53,安勃那,15,0,2,127.9,-3.6,2400,1500,248;249;250;251;252,1;2;3;4;7;8
54,杭州,16,0,1,121,30.2,3600,4000,253;254;255;256;257,0;2;3;4;5;6;7;8
55,泉州,16,0,2,119.5,25.6,2800,2500,258;259;260;261;262,1;2;3;4;7;8
56,澳门,16,0,2,113.9,22.5,3200,3000,263;264;265;266;267,1;2;3;4;5;7;8
57,京城,17,0,1,126.6,36.1,2400,2800,268;269;270;271;272,0;2;3;4;5;6;7;8
58,长崎,18,0,2,129.5,33.6,2700,1800,273;274;275;276;277,1;2;3;4;5;7;8
59,大阪,18,0,1,135.4,34.7,2600,2200,278;279;280;281;282;,0;2;3;4;5;6;7;8
60,那霸,18,0,2,127.9,26.8,1250,1500,283;284;285,1;2;3;4;5;7;8
61,哈瓦那,19,0,1,-82.5,23.2,1300,1000,286;287;288;289;290,0;2;3;4;5;6;7;8
62,圣多明尼加,19,0,2,-69.6,18.6,1000,700,291;292;293;294;295,1;2;3;4;5;7;8
63,圣约翰,19,0,2,-66.2,18.6,700,800,296;297;298;299;300,1;2;3;4;5;7;8
64,牙买加,19,0,2,-76.9,18.1,800,500,301;302;303;304;305,1;2;3;4;7;8
65,委拉克路斯,20,0,1,-96.8,19.7,2400,2600,306;307;308;309;310,0;2;3;4;5;6;7;8
66,美利达,20,0,2,-89.4,21.5,1400,900,311;312;313;314;315,1;2;3;4;7;8
67,波多韦多,20,0,2,-80.1,9.4,100,200,316;317;318;319;320,1;2;3;4;5;7;8
68,马拉开波,20,0,2,-71.6,11.1,1000,700,321;322;323;324;325,1;2;3;4;7;8
69,伯南布哥,20,0,2,-35,-7.8,700,1100,326;327;328;329;330,1;2;3;4;5;7;8
70,特卢希优,20,0,2,-86,16,400,300,331;332;333;334;335,1;2;3;4;7;8
71,卡恩内,20,0,2,-53.3,5.5,300,200,336;337;338;339;340,1;2;3;4;7;8
72,希拉雷奥涅,10,0,2,-13.7,9.6,450,300,341;342;343,1;2;3;4;7;8
73,圣多美,10,0,2,6.3,0.3,300,100,344;345;346,1;2;3;4;7;8
74,马达加斯加,11,0,2,45.4,-15.8,200,100,347;348;349,1;2;3;4;7;8
75,蒙巴萨,11,0,2,39.5,-3.9,700,700,350;351;352;353,1;2;3;4;7;8
76,索哥德拉,12,0,2,54,12.7,500,500,354;355;356,1;3;4;7;8
77,喀拉蚩,13,0,2,70.8,21,1200,1000,357;358;359;360;361,1;2;3;4;7;8
78,马德拉斯,13,0,2,80.1,13.7,1100,800,362;363;364;365;366,1;2;3;4;7;8
79,马斯利巴丹,13,0,2,82.1,17,900,700,367;368;369;370,1;2;3;4;7;8
80,阿镇,15,0,2,97.1,5.3,1000,1000,371;372;373,1;2;3;4;7;8
81,吉阿丁,14,0,2,107.1,10.7,400,300,374;375;376;377;378,1;2;3;4;7;8
82,汉杰鲁马辰,15,0,2,114.2,-3.2,400,200,379;380;381,1;2;3;4;7;8
83,马加撒,15,0,2,119.4,-4.9,300,300,382;383;384,1;2;3;4;7;8
84,泗水,15,0,2,112.6,-7.3,500,400,385;386;387,1;2;3;4;7;8
85,沂州,16,0,2,119.5,34.6,1000,1200,388;389;390;391,1;2;3;4;7;8
86,朋沙科拉,19,0,2,-87.3,30.5,200,200,392;393;394;395;396,2;7
87,阿布哈兹,8,0,2,38.5,41.9,200,200,397;398;399;400;401,7
88,雷利史塔特,1,0,2,6.5,52.8,200,200,402;403;404;405;406,7
89,淡水,16,0,2,120.8,24.9,200,200,407;408;409;410;411,7
90,圣马罗,1,0,2,-2.6,48.7,800,600,412;413;414;,7
91,拿坡里,6,0,2,14.5,40.9,2200,2400,415;416;417;418;419,1;2;3;4;7;8
92,班加西,9,0,2,21.6,33,400,500,420;421;422,1;7
93,马纳多,13,0,2,124.8,1.7,200,200,423;424;425;426;427,1;2;3;4;5;8
94,釜山,17,0,2,128.4,35,1000,400,428;429;430;431,1;7
95,江户,18,0,2,139.7,35.6,800,800,432;433;434;435,1;7
96,卡拉卡斯,20,0,2,-66.4,10.7,200,200,436;437;438;439;440,1;7